,URL,id
1,https://drive.google.com/file/d/1DcT-5emsyJJ3UKoKaSdEIxguItJgYJMS/view?usp=sharing,4895
2,https://drive.google.com/file/d/1QtyXyOf8SGnKDaM-5hSchXOo728iZNHa/view?usp=drive_link,4983
3,https://drive.google.com/file/d/18Yh32xddR2UsjQY0Yu6lwnIJleHAMSP8/view?usp=drive_link,4728
4,https://drive.google.com/file/d/1h53_8sawmuKq46UznmqC1f2w3pul1q63/view?usp=drive_link,4773
5,https://drive.google.com/file/d/1hpz_tKkrUofryyJ6xZQcax3OlifgyNRI/view?usp=drive_link,4761
6,https://drive.google.com/file/d/1dh0nVsHT_SP0i_UPNvi1165cALaae6Z2/view?usp=drive_link,4836
7,https://drive.google.com/file/d/1jirhEHE2sFt_MO039rkABpeu4GkHghza/view?usp=drive_link,4939
8,https://drive.google.com/file/d/1c8ONqsTH6a2qZ4Td_uM8sdoZTxpaUNPy/view?usp=drive_link,4993
9,https://drive.google.com/file/d/1UAubWEETDXL4IL-CdhPUI3bVb0jxBf4j/view?usp=drive_link,4781
10,https://drive.google.com/file/d/155Z_CKxr6Q2ctUgxX35W6d0UlVNt_MwH/view?usp=drive_link,4868
11,https://drive.google.com/file/d/1UkXeQuBZHRPx1WeAVO7LbumG-dchrngw/view?usp=drive_link,4967
12,https://drive.google.com/file/d/1EQPi-VXUgDwRKaH5tCso9-D2b1vRiXqw/view?usp=drive_link,4701
13,https://drive.google.com/file/d/1T0apadFTOplHhHUDDkssbsEmhdBbuJVe/view?usp=drive_link,4726
14,https://drive.google.com/file/d/1xHyT_mLXAdDxgxUFI-zv4CmdPMESAMq5/view?usp=drive_link,4849
15,https://drive.google.com/file/d/13Stt1xnmXlY76575TMtdCrGnX43kza_C/view?usp=drive_link,4990
16,https://drive.google.com/file/d/1EF1ridEYRuQcn9PGjgyLnqPNgnVuivMH/view?usp=drive_link,4760
17,https://drive.google.com/file/d/1oHYtvV-bBKGNDHyCcKXbPUSnMugUVxgy/view?usp=drive_link,4784
18,https://drive.google.com/file/d/14QRtzdK0QISwopSLqeCXOGZ3Qa5WzMsF/view?usp=drive_link,4786
19,https://drive.google.com/file/d/1YkaFurzOhtIZ-3IPLO9jQFxLYo5nyMVn/view?usp=drive_link,4978
20,https://drive.google.com/file/d/16pjmenEY2uxsq99gcBAWBIVaDmFLOmcl/view?usp=drive_link,4695
21,https://drive.google.com/file/d/1onXzLrk3h-OLnoJbAD982lxD84aFtPoJ/view?usp=drive_link,4930
22,https://drive.google.com/file/d/1FXkhym4H9iKEsmdDnYFqXcPEyrjUsHta/view?usp=drive_link,4691
23,https://drive.google.com/file/d/1uLKLdqVKN5GISIYUqbqYugK6ZUNZm4i2/view?usp=drive_link,4774
24,https://drive.google.com/file/d/1I2JYs28EIwSVcsp_cuquLPfSbsw7ah6X/view?usp=drive_link,4691
25,https://drive.google.com/file/d/1YdPOBDeC70L3gJAB-JCvJ8JImbrljFOT/view?usp=drive_link,4774
26,https://drive.google.com/file/d/1kFVAOhE59nZdaSOUqY9kESQf9ep942TJ/view?usp=drive_link,4693
27,https://drive.google.com/file/d/1ESyh7vApfQp_waWIFBGyYNWVIOep4MuW/view?usp=drive_link,4807
28,https://drive.google.com/file/d/1A-JzbgoHuHoH6ZPCP57hu_1QeNSH4ElP/view?usp=drive_link,4859
29,https://drive.google.com/file/d/1rUmQGZdYZSAzf7nnsQTurxfZjBWY12Ss/view?usp=drive_link,4957
30,https://drive.google.com/file/d/1-d9h7Lg1T39cI863Si4zczZGnCzeEqyi/view?usp=drive_link,4815
31,https://drive.google.com/file/d/1PIU3OyIafYDPQ1-h5fgAsQkyDBCiqS0y/view?usp=drive_link,4796
32,https://drive.google.com/file/d/1qXE-A2RPZT3xxu5rDifWtnSv0fr3edIS/view?usp=drive_link,4850
33,https://drive.google.com/file/d/12ixUDnDJLvjt0r6pj5UbKyfcyFgIrUmR/view?usp=drive_link,4822
34,https://drive.google.com/file/d/1l9pVYCiVagJKEBsioU3gEPMBL4BP21_M/view?usp=drive_link,4897
35,https://drive.google.com/file/d/1uc6U00V1dHcRpbEM4KgTg8o7QzIZMOGj/view?usp=drive_link,4991
36,https://drive.google.com/file/d/12O2zoE9LvbG6Uo4s2MWqpU6fr-bMWU_q/view?usp=drive_link,4720
37,https://drive.google.com/file/d/1gbfx3fhqDsXGrJKvoP4PhdyIGB-sVMDq/view?usp=drive_link,4998
38,https://drive.google.com/file/d/1cYJKQ9s9uMRv6VBZQIklIg3idORnvbaN/view?usp=drive_link,4720
39,https://drive.google.com/file/d/15IT7aSAFmvBm2HrCNZRn2GXgCqw-lex0/view?usp=drive_link,4898
40,https://drive.google.com/file/d/1dRw4WnIE1xDhyhBWsExicyBCmhnus_cf/view?usp=drive_link,4780
41,https://drive.google.com/file/d/1a72jKElR1GF4KzZjVUmnn2KdRlZBrvHx/view?usp=drive_link,4794
42,https://drive.google.com/file/d/1Cfp1cfFzuymhgqO-8UUwYKEbnWgKMddh/view?usp=drive_link,4793
43,https://drive.google.com/file/d/1AEm0fcHpGgDU40pZqJ0dWLE6nEZRN4DH/view?usp=drive_link,4915
44,https://drive.google.com/file/d/1VgNHVY1VPeoH26KcqegwpHKU7ai-yOGt/view?usp=drive_link,4874
45,https://drive.google.com/file/d/1_4g2FZrcNtoN0ytPcuMUBWvu3OZyAc34/view?usp=drive_link,4827
46,https://drive.google.com/file/d/1lzw8WMSZUXSvlSSJJ7OhlRXuFSRDSBfc/view?usp=drive_link,4712
47,https://drive.google.com/file/d/1sWkG3cSNelVWHvGiLINnQIcUUARVGBgm/view?usp=drive_link,4778
48,https://drive.google.com/file/d/1XVO5vQvoTBU9XG-lrWMkLztZlaypjTG4/view?usp=drive_link,4712
49,https://drive.google.com/file/d/1USZPcG6sVgagetC9iuXmkiMmYsfIC88L/view?usp=drive_link,4878
50,https://drive.google.com/file/d/1wJfUGx6xxsClAQaDeeCgZoqbO87TSvBf/view?usp=drive_link,4719
51,https://drive.google.com/file/d/1nRs-lMqr9k6U6OGHWfEVGVYYtDkGokEn/view?usp=drive_link,4916
52,https://drive.google.com/file/d/1ij5YCpswSavUvlj-iUN-Spnq8WsuvJsE/view?usp=drive_link,4976
53,https://drive.google.com/file/d/1h_0olZbciBgRlUdnzPfEP8kC1ily5eZi/view?usp=drive_link,4956
54,https://drive.google.com/file/d/1CKg4j6P89OQZmAtfqRTVpSJ6LJVmfEV0/view?usp=drive_link,4711
55,https://drive.google.com/file/d/15A6Dcwg7UqhcNtgiWvFTsCwEi-pwKGcX/view?usp=drive_link,4692
56,https://drive.google.com/file/d/124gSDZE6A2cyABgnx_iZ87zISI2xVKfv/view?usp=drive_link,4711
57,https://drive.google.com/file/d/1rUrI59js8tvIteqvTzeyGsbPJMkCVPiH/view?usp=drive_link,4692
58,https://drive.google.com/file/d/1oKHOWzP3BK0KFpr9PGGGc94SpdYo3fmj/view?usp=drive_link,4706
59,https://drive.google.com/file/d/18y4SyvkU59rQSqZVpFNhP1_hnIZ1zGlg/view?usp=drive_link,4973
60,https://drive.google.com/file/d/10pb7c42qoMIi_bENEd-aJu-kzj_umQ3E/view?usp=drive_link,4801
61,https://drive.google.com/file/d/1lmiXTgYIowYx-E-0pz9vXh4YyK-eWrGt/view?usp=drive_link,4998
62,https://drive.google.com/file/d/1VrDjMEBqMxFw_nBL1rc7zzlIrEw3LF_B/view?usp=drive_link,4704
63,https://drive.google.com/file/d/1bbH7nzSUJUtw7-7lhi3yAvZ1l8fYZ-k3/view?usp=drive_link,4960
64,https://drive.google.com/file/d/10gdYjY7-TTn1RdEgtNdKrZyXkN0dxeWx/view?usp=drive_link,4838
65,https://drive.google.com/file/d/1etbjrvg5JGciNFpkebzXLCporfM3jUh-/view?usp=drive_link,4999
66,https://drive.google.com/file/d/1rIYvZMvKtti0uKxJ-AkFbF6BLZZYfP4Q/view?usp=drive_link,4843
67,https://drive.google.com/file/d/11kri9wSAAyDtMDKMrYxg87CF8cXBXFip/view?usp=drive_link,4744
68,https://drive.google.com/file/d/1cCZJWtZtwNaPEynRDgI1OAzcdsmbYaww/view?usp=drive_link,4848
69,https://drive.google.com/file/d/1rJb_vSfsYWDf_H-P2BzXCncQyFqS-ZgV/view?usp=drive_link,4737
70,https://drive.google.com/file/d/1m1sz_cTkCKYkn3csDGPqqe2h56CqW1nT/view?usp=drive_link,4911
71,https://drive.google.com/file/d/1RyJKj33VFnZqQvvU8-iVNFAMym1zQkNb/view?usp=drive_link,4922
72,https://drive.google.com/file/d/1CCMiHd-nh3TpSREhOjGeNS-Zw04lLY3h/view?usp=drive_link,4753
73,https://drive.google.com/file/d/1gWaKEcJpRHU96VM5ZVpN--R1_rA4RrUy/view?usp=drive_link,4928
74,https://drive.google.com/file/d/1rFMA4RuN07AxRd8Zms8ikbvJsFfVufJH/view?usp=drive_link,4808
75,https://drive.google.com/file/d/1f6TxXb-I3BL2tvG4Av37V-xaJLNamlh5/view?usp=drive_link,4840
76,https://drive.google.com/file/d/1PqeuOcg3uFEWJuX_37z4N15vsC1V5faj/view?usp=drive_link,4829
77,https://drive.google.com/file/d/1ruvHxyx1DSDHIfYbpZixaK89XmT0pFWr/view?usp=drive_link,4741
78,https://drive.google.com/file/d/1h81-5MTIZcX3HSshdGQZ03Jc8nKFtrhA/view?usp=drive_link,4959
79,https://drive.google.com/file/d/1xOoSWSQ-92k-uOB5K8K6hpmukG3KI7us/view?usp=drive_link,4698
80,https://drive.google.com/file/d/1f5RMQUotGD8UF2nzI6Mdm2FZsuNXjhCN/view?usp=drive_link,4725
81,https://drive.google.com/file/d/1Wmy5Aywyz5-Tx4VS-ygbRLH-r_izIFf_/view?usp=drive_link,4944
82,https://drive.google.com/file/d/1QAEiPGs8rUg9QvCPr_KGJnhuxKfnyuuw/view?usp=drive_link,4920
83,https://drive.google.com/file/d/15xN-iWi-2BiB4TLAymJaafpOH02mTSbO/view?usp=drive_link,4935
84,https://drive.google.com/file/d/1mVCfpqe3hks_jqP4QVTVNxHfzmLNoZla/view?usp=drive_link,4823
85,https://drive.google.com/file/d/1A9jJJnukh7qpuSAyhZiMH8eZ87bWUte1/view?usp=drive_link,4935
86,https://drive.google.com/file/d/1kq0GBSpCoO-RzP6qQJNf1S-gxSVOdQ5l/view?usp=drive_link,4920
87,https://drive.google.com/file/d/17QwRh1MWPx4T0sr4DnYhHozzxs7UA9Dy/view?usp=drive_link,4935
88,https://drive.google.com/file/d/1yZJDlZm2IyCOxmoq0Bm3qZmKTjvVDvt_/view?usp=drive_link,4823
89,https://drive.google.com/file/d/1bR3jTuMddccLFMmFGMnMxrT0G95hQXSz/view?usp=drive_link,4900
90,https://drive.google.com/file/d/1_3oQF1A9hOVkqJD97ZDinivG5TCFvaQS/view?usp=drive_link,4766
91,https://drive.google.com/file/d/1kqL0j48gGT3Yz1LDbSheUnlb0HZymaJm/view?usp=drive_link,4966
92,https://drive.google.com/file/d/1EQYWrx5H9ssvq6A6jLSOi-VTdrdRmcVu/view?usp=drive_link,4958
93,https://drive.google.com/file/d/1czAXZ3EsESIajhOt4MIzkWSGsR4Ao6Ia/view?usp=drive_link,4758
94,https://drive.google.com/file/d/1ue7hh1WGQtQI_C1RTa3HPv_a3dfG93cf/view?usp=drive_link,4733
95,https://drive.google.com/file/d/1tEZgFy7_di0hvrkDfAWIhRvvzothDehq/view?usp=drive_link,4903
96,https://drive.google.com/file/d/1b072isYfiBlXkFUkg725m2tga76U8q0b/view?usp=drive_link,4941
97,https://drive.google.com/file/d/1FiyrgZAA9HSbgRe4kfxTyFKIDCWYD066/view?usp=drive_link,4803
98,https://drive.google.com/file/d/1SM83nZUlQ4ls9WKw6eG4qVH0tVc0cJ7x/view?usp=drive_link,4813
99,https://drive.google.com/file/d/1jK-Zku52BzlBw4HoDMbv9rMEWrmnVqSV/view?usp=drive_link,4714
100,https://drive.google.com/file/d/1NxTmZPzkZyLilmQ1iESTKY0CVlZ2H4vF/view?usp=drive_link,4882